engine,operation,median_time_s,peak_mem_mb
pandas,read,0.05246795807033777,735.821824
pandas,filter,0.019758417271077633,951.648256
pandas,groupby,0.26013508392497897,1462.550528
pandas,join,0.42253991635516286,1184.022528
pandas,rolling,0.1718217907473445,1172.422656
pandas,sort,0.14555612532421947,1075.593216
